[
  { "name": "ChatGPT", "categoryKey": "chat_llm", "domain": "chatgpt.com" },
  { "name": "Claude", "categoryKey": "chat_llm", "domain": "claude.ai" },
  { "name": "Perplexity", "categoryKey": "chat_llm", "domain": "perplexity.ai" },
  { "name": "Microsoft Copilot", "categoryKey": "chat_llm", "domain": "copilot.microsoft.com" },
  { "name": "Writesonic", "categoryKey": "writing", "domain": "writesonic.com" },
  { "name": "Grammarly", "categoryKey": "writing", "domain": "grammarly.com" },
  { "name": "DALL-E 3", "categoryKey": "image", "domain": "openai.com/dall-e-3" },
  { "name": "Midjourney", "categoryKey": "image", "domain": "midjourney.com" }
]